peptide,start,end,chromosome,strand,ensG,ensT,group
AAAKRQVL,3405592,3405616,2,+,ENSG00000171853,ENST00000324266,common
AAAKVILKK,126667452,126669626,6,+,ENSG00000203760,ENST00000368328,common
AAKPPISKK,124351557,124351584,8,-,ENSG00000156802,ENST00000287394,common
AANKVVLQLK,47453664,47455087,4,-,ENSG00000169019,ENST00000381571,common
AARPKATL,48573467,48573491,2,+,ENSG00000170802,ENST00000340553,common
AASLRKVSM,201682764,201682791,2,+,ENSG00000082153,ENST00000409600,common
AAYNVPLPK,86406561,86406588,2,-,ENSG00000132305,ENST00000449247,cancer
AEAAEKLKNRY,35815898,35815931,22,+,ENSG00000100297,ENST00000382011,common
AEAEAASVRM,30698339,30698485,6,-,ENSG00000137312,ENST00000376389,common
AEAEAVREVY,20023073,20023103,20,-,ENSG00000101343,ENST00000536226,cancer
AEAEKLGGQSY,41355078,41355111,8,+,ENSG00000147533,ENST00000520817,cancer
AEAELLNLRKI,53275177,53275210,3,-,ENSG00000163931,ENST00000296289,common
AEAEQTLRF,56346904,56346931,6,-,ENSG00000151914,ENST00000244364,common
AEAFEAIPRAL,30433666,30433699,21,-,ENSG00000156261,ENST00000286788,common
AEAGHLEGHCL,76196910,76196943,15,+,ENSG00000167196,ENST00000565036,common
AEAHAKVRL,48887377,48887404,8,+,ENSG00000104738,ENST00000523944,common
AEAHARIHL,127339594,127339621,3,+,ENSG00000073111,ENST00000265056,common
AEAIRKIGF,135197519,135197546,10,+,ENSG00000148832,ENST00000278060,common
AEAITLAERKY,93277946,93277979,14,+,ENSG00000066455,ENST00000163416,cancer
AEAKARAEI,54841764,54841791,X,+,ENSG00000102316,ENST00000375058,common
AEALSKMKL,35817335,35817362,22,+,ENSG00000100297,ENST00000382011,common
AEALSQAVARY,120593104,120593137,12,-,ENSG00000089154,ENST00000300648,common
AEANRALAHY,73261962,73261992,17,+,ENSG00000125445,ENST00000245539,common
AEAPPPQKRY,58165806,58165836,12,-,ENSG00000037897,ENST00000257848,control
AEAPPPQKRYY,58165803,58165836,12,-,ENSG00000037897,ENST00000257848,cancer
AEAPRLAEY,108932832,108932859,12,-,ENSG00000075856,ENST00000546728,cancer
AEAPVQEEKL,153949455,153949485,1,-,ENSG00000143543,ENST00000271843,control
AEASALYGRAL,43588866,43588899,20,-,ENSG00000025772,ENST00000372813,common
AEASHVSRY,133313544,133313571,12,-,ENSG00000176915,ENST00000357997,common
AEASMISKL,148484182,148484209,7,+,ENSG00000055130,ENST00000325222,common
AEAVQRLLY,45475789,45475895,1,-,ENSG00000126107,ENST00000372172,common
AEAYLGKKV,128001809,128002474,9,-,ENSG00000044574,ENST00000324460,common
AEDEDLRVHF,42033691,42033721,22,+,ENSG00000196419,ENST00000360079,common
AEDEGVSQRKF,31700056,31700089,6,-,ENSG00000213719,ENST00000375779,common
