peptide,start,end,chromosome,strand,ensG,ensT
AAAKRQVL,3405592,3405616,2,+,ENSG00000171853,ENST00000324266
AAAKVILKK,126667452,126669626,6,+,ENSG00000203760,ENST00000368328
AAKPPISKK,124351557,124351584,8,-,ENSG00000156802,ENST00000287394
AANKVVLQLK,47453664,47455087,4,-,ENSG00000169019,ENST00000381571
AARPKATL,48573467,48573491,2,+,ENSG00000170802,ENST00000340553
AASLRKVSM,201682764,201682791,2,+,ENSG00000082153,ENST00000409600
AAYNVPLPK,86406561,86406588,2,-,ENSG00000132305,ENST00000449247
AEAAEKLKNRY,35815898,35815931,22,+,ENSG00000100297,ENST00000382011
AEAEAASVRM,30698339,30698485,6,-,ENSG00000137312,ENST00000376389
AEAEAVREVY,20023073,20023103,20,-,ENSG00000101343,ENST00000536226

